<?xml version="1.0" encoding="UTF-8"?>
<project-private xmlns="http://www.netbeans.org/ns/project-private/1">
    <editor-bookmarks xmlns="http://www.netbeans.org/ns/editor-bookmarks/2" lastBookmarkId="0"/>
    <open-files xmlns="http://www.netbeans.org/ns/projectui-open-files/2">
        <group>
            <file>file:/home/aluno/NetBeansProjects/Java%20Banco/src/Front/FrmCartaoLista.java</file>
            <file>file:/home/aluno/NetBeansProjects/Java%20Banco/src/Front/Principal.java</file>
            <file>file:/home/aluno/NetBeansProjects/Java%20Banco/src/Front/FrmCartaoCadastro.java</file>
            <file>file:/home/aluno/NetBeansProjects/Java%20Banco/src/Front/FrmClienteLista.java</file>
            <file>file:/home/aluno/NetBeansProjects/Java%20Banco/src/Front/FrmClienteCadastro.java</file>
        </group>
    </open-files>
</project-private>
